<?xml version="1.0" encoding="UTF-8"?>
<project-private xmlns="http://www.netbeans.org/ns/project-private/1">
    <editor-bookmarks xmlns="http://www.netbeans.org/ns/editor-bookmarks/2" lastBookmarkId="0"/>
    <open-files xmlns="http://www.netbeans.org/ns/projectui-open-files/2">
        <group>
            <file>file:/F:/School/4th%20Quarter/Programming/InfoSystem/src/infosystem/UI/Subject.java</file>
            <file>file:/F:/School/4th%20Quarter/Programming/InfoSystem/src/infosystem/UI/RegistrationWindow.java</file>
            <file>file:/F:/School/4th%20Quarter/Programming/InfoSystem/src/infosystem/UI/StudentDashboardWindow.java</file>
            <file>file:/F:/School/4th%20Quarter/Programming/InfoSystem/src/infosystem/UI/LoginWindow.java</file>
            <file>file:/F:/School/4th%20Quarter/Programming/InfoSystem/src/infosystem/UI/Student.java</file>
            <file>file:/F:/School/4th%20Quarter/Programming/InfoSystem/src/infosystem/UI/DataHandler.java</file>
        </group>
    </open-files>
</project-private>
